qid,ip,ver,name
692188960,123.122.162.239:11452,j,西武十一周目
227214118,123.122.162.239:11452,j,西武十一周目
227214118,mc37.rhymc.com:21629,j,村改吧官服
227214118,kaze.monsoon.ink,j,季风服 2
594118733,8275cl.mc5173.cn:25505,j,机械动力&瓦尔基里
594118733,8275cl.mc5173.cn:25585,j,动物小镇
826100054,s1.jinmear.top,j,动物小镇(建筑服)
826100054,s2.jinmear.top,j,动物小镇(生存服)
826100054,s3.jinmear.top,j,动物小镇(小游戏服)
663767163,frp-hub.top:54981,j,铁路镇-浙江线
663767163,frp-bag.top:31862,j,铁路镇-合肥线
663767163,cn-cd-dx-tmp15.natfrp.cloud:34805,j,铁路镇-成都线
544902227,sf.fds.moe:17003,j,三周目 JE
544902227,sf.fds.moe:18003,b,三周目 BE
590328937,play.fds.moe:25565,j,FDS(Java端)
590328937,play.fds.moe:19132,b,FDS(基岩端)
